target_date,predicted_throughput,model_run_date
2026-01-01,2462973.2,2025-12-31
2026-01-02,2676817.8,2025-12-31
2026-01-03,2722665.0,2025-12-31
2026-01-04,2699661.8,2025-12-31
2026-01-05,2415329.2,2025-12-31
2026-01-06,2060496.8,2025-12-31
2026-01-07,1876038.9,2025-12-31
2026-01-08,2128742.8,2025-12-31
2026-01-09,2103252.5,2025-12-31
2026-01-10,1986886.1,2025-12-31
2026-01-11,2460573.5,2025-12-31
2026-01-12,2126099.0,2025-12-31
2026-01-13,1699887.6,2025-12-31
2026-01-14,1759544.0,2026-01-15
2026-01-15,2283019.0,2026-01-15
2026-01-16,2517910.0,2026-01-15
2026-01-17,2018349.0,2026-01-15
2026-01-18,2183866.0,2026-01-15
2026-01-19,2463293.0,2026-01-15
2026-01-20,1779734.0,2026-01-15
2026-01-14 00:00:00,1759544.0,2026-01-15
2026-01-15 00:00:00,2283019.0,2026-01-15
2026-01-16 00:00:00,2517910.0,2026-01-15
2026-01-17 00:00:00,2018349.0,2026-01-15
2026-01-18 00:00:00,2183866.0,2026-01-15
2026-01-19 00:00:00,2463293.0,2026-01-15
2026-01-20 00:00:00,1779734.0,2026-01-15
2026-01-14 00:00:00,1759544.0,2026-01-15
2026-01-15 00:00:00,2283019.0,2026-01-15
2026-01-16 00:00:00,2517910.0,2026-01-15
2026-01-17 00:00:00,2018349.0,2026-01-15
2026-01-18 00:00:00,2183866.0,2026-01-15
2026-01-19 00:00:00,2463293.0,2026-01-15
2026-01-20 00:00:00,1779734.0,2026-01-15
2026-01-14 00:00:00,1759544.0,2026-01-15
2026-01-15 00:00:00,2283019.0,2026-01-15
2026-01-16 00:00:00,2517910.0,2026-01-15
2026-01-17 00:00:00,2018349.0,2026-01-15
2026-01-18 00:00:00,2183866.0,2026-01-15
2026-01-19 00:00:00,2463293.0,2026-01-15
2026-01-20 00:00:00,1779734.0,2026-01-15
2026-01-14 00:00:00,1759544.0,2026-01-15
2026-01-15 00:00:00,2283019.0,2026-01-15
2026-01-16 00:00:00,2517910.0,2026-01-15
2026-01-17 00:00:00,2018349.0,2026-01-15
2026-01-18 00:00:00,2183866.0,2026-01-15
2026-01-19 00:00:00,2463293.0,2026-01-15
2026-01-20 00:00:00,1779734.0,2026-01-15
2026-01-15 00:00:00,2254494.0,2026-01-16
2026-01-16 00:00:00,2514282.0,2026-01-16
2026-01-17 00:00:00,2036518.0,2026-01-16
2026-01-18 00:00:00,2182095.0,2026-01-16
2026-01-19 00:00:00,2432288.0,2026-01-16
2026-01-20 00:00:00,1766045.0,2026-01-16
2026-01-21 00:00:00,1822504.0,2026-01-16
2026-01-15 00:00:00,2255026.0,2026-01-16
2026-01-16 00:00:00,2526667.0,2026-01-16
2026-01-17 00:00:00,2025109.0,2026-01-16
2026-01-18 00:00:00,2198008.0,2026-01-16
2026-01-19 00:00:00,2432288.0,2026-01-16
2026-01-20 00:00:00,1766045.0,2026-01-16
2026-01-21 00:00:00,1854266.0,2026-01-16
